micro_market_slug,destination,mode,peak_minutes,as_of_date
sarjapur-harlur-kasavanahalli,orr_bellandur,car,25,2026-10-09
sarjapur-harlur-kasavanahalli,orr_bellandur,two_wheeler,20,2026-10-09
sarjapur-harlur-kasavanahalli,orr_bellandur,cab_bus,30,2026-10-09
sarjapur-harlur-kasavanahalli,whitefield,car,55,2026-10-09
sarjapur-harlur-kasavanahalli,whitefield,two_wheeler,44,2026-10-09
sarjapur-harlur-kasavanahalli,whitefield,cab_bus,66,2026-10-09
sarjapur-harlur-kasavanahalli,manyata_hebbal,car,85,2026-10-09
sarjapur-harlur-kasavanahalli,manyata_hebbal,two_wheeler,68,2026-10-09
sarjapur-harlur-kasavanahalli,manyata_hebbal,cab_bus,102,2026-10-09
sarjapur-harlur-kasavanahalli,electronic_city,car,50,2026-10-09
sarjapur-harlur-kasavanahalli,electronic_city,two_wheeler,40,2026-10-09
sarjapur-harlur-kasavanahalli,electronic_city,cab_bus,60,2026-10-09
sarjapur-harlur-kasavanahalli,cbd,car,65,2026-10-09
sarjapur-harlur-kasavanahalli,cbd,two_wheeler,52,2026-10-09
sarjapur-harlur-kasavanahalli,cbd,cab_bus,78,2026-10-09
sarjapur-harlur-kasavanahalli,sarjapur_road,car,10,2026-10-09
sarjapur-harlur-kasavanahalli,sarjapur_road,two_wheeler,8,2026-10-09
sarjapur-harlur-kasavanahalli,sarjapur_road,cab_bus,12,2026-10-09
whitefield-hope-farm-itpl,orr_bellandur,car,45,2026-10-09
whitefield-hope-farm-itpl,orr_bellandur,two_wheeler,36,2026-10-09
whitefield-hope-farm-itpl,orr_bellandur,cab_bus,54,2026-10-09
whitefield-hope-farm-itpl,whitefield,car,15,2026-10-09
whitefield-hope-farm-itpl,whitefield,two_wheeler,12,2026-10-09
whitefield-hope-farm-itpl,whitefield,cab_bus,18,2026-10-09
whitefield-hope-farm-itpl,manyata_hebbal,car,70,2026-10-09
whitefield-hope-farm-itpl,manyata_hebbal,two_wheeler,56,2026-10-09
whitefield-hope-farm-itpl,manyata_hebbal,cab_bus,84,2026-10-09
whitefield-hope-farm-itpl,electronic_city,car,90,2026-10-09
whitefield-hope-farm-itpl,electronic_city,two_wheeler,72,2026-10-09
whitefield-hope-farm-itpl,electronic_city,cab_bus,108,2026-10-09
whitefield-hope-farm-itpl,cbd,car,75,2026-10-09
whitefield-hope-farm-itpl,cbd,two_wheeler,60,2026-10-09
whitefield-hope-farm-itpl,cbd,cab_bus,90,2026-10-09
whitefield-hope-farm-itpl,sarjapur_road,car,55,2026-10-09
whitefield-hope-farm-itpl,sarjapur_road,two_wheeler,44,2026-10-09
whitefield-hope-farm-itpl,sarjapur_road,cab_bus,66,2026-10-09
hebbal-kempapura,orr_bellandur,car,65,2026-10-09
hebbal-kempapura,orr_bellandur,two_wheeler,52,2026-10-09
hebbal-kempapura,orr_bellandur,cab_bus,78,2026-10-09
hebbal-kempapura,whitefield,car,75,2026-10-09
hebbal-kempapura,whitefield,two_wheeler,60,2026-10-09
hebbal-kempapura,whitefield,cab_bus,90,2026-10-09
hebbal-kempapura,manyata_hebbal,car,20,2026-10-09
hebbal-kempapura,manyata_hebbal,two_wheeler,16,2026-10-09
hebbal-kempapura,manyata_hebbal,cab_bus,24,2026-10-09
hebbal-kempapura,electronic_city,car,100,2026-10-09
hebbal-kempapura,electronic_city,two_wheeler,80,2026-10-09
hebbal-kempapura,electronic_city,cab_bus,120,2026-10-09
hebbal-kempapura,cbd,car,40,2026-10-09
hebbal-kempapura,cbd,two_wheeler,32,2026-10-09
hebbal-kempapura,cbd,cab_bus,48,2026-10-09
hebbal-kempapura,sarjapur_road,car,90,2026-10-09
hebbal-kempapura,sarjapur_road,two_wheeler,72,2026-10-09
hebbal-kempapura,sarjapur_road,cab_bus,108,2026-10-09
yelahanka-new-town,orr_bellandur,car,80,2026-10-09
yelahanka-new-town,orr_bellandur,two_wheeler,64,2026-10-09
yelahanka-new-town,orr_bellandur,cab_bus,96,2026-10-09
yelahanka-new-town,whitefield,car,85,2026-10-09
yelahanka-new-town,whitefield,two_wheeler,68,2026-10-09
yelahanka-new-town,whitefield,cab_bus,102,2026-10-09
yelahanka-new-town,manyata_hebbal,car,35,2026-10-09
yelahanka-new-town,manyata_hebbal,two_wheeler,28,2026-10-09
yelahanka-new-town,manyata_hebbal,cab_bus,42,2026-10-09
yelahanka-new-town,electronic_city,car,110,2026-10-09
yelahanka-new-town,electronic_city,two_wheeler,88,2026-10-09
yelahanka-new-town,electronic_city,cab_bus,132,2026-10-09
yelahanka-new-town,cbd,car,55,2026-10-09
yelahanka-new-town,cbd,two_wheeler,44,2026-10-09
yelahanka-new-town,cbd,cab_bus,66,2026-10-09
yelahanka-new-town,sarjapur_road,car,105,2026-10-09
yelahanka-new-town,sarjapur_road,two_wheeler,84,2026-10-09
yelahanka-new-town,sarjapur_road,cab_bus,126,2026-10-09
electronic-city-phase-1,orr_bellandur,car,45,2026-10-09
electronic-city-phase-1,orr_bellandur,two_wheeler,36,2026-10-09
electronic-city-phase-1,orr_bellandur,cab_bus,54,2026-10-09
electronic-city-phase-1,whitefield,car,90,2026-10-09
electronic-city-phase-1,whitefield,two_wheeler,72,2026-10-09
electronic-city-phase-1,whitefield,cab_bus,108,2026-10-09
electronic-city-phase-1,manyata_hebbal,car,100,2026-10-09
electronic-city-phase-1,manyata_hebbal,two_wheeler,80,2026-10-09
electronic-city-phase-1,manyata_hebbal,cab_bus,120,2026-10-09
electronic-city-phase-1,electronic_city,car,15,2026-10-09
electronic-city-phase-1,electronic_city,two_wheeler,12,2026-10-09
electronic-city-phase-1,electronic_city,cab_bus,18,2026-10-09
electronic-city-phase-1,cbd,car,60,2026-10-09
electronic-city-phase-1,cbd,two_wheeler,48,2026-10-09
electronic-city-phase-1,cbd,cab_bus,72,2026-10-09
electronic-city-phase-1,sarjapur_road,car,40,2026-10-09
electronic-city-phase-1,sarjapur_road,two_wheeler,32,2026-10-09
electronic-city-phase-1,sarjapur_road,cab_bus,48,2026-10-09
bellandur-marathahalli-orr,orr_bellandur,car,10,2026-10-09
bellandur-marathahalli-orr,orr_bellandur,two_wheeler,8,2026-10-09
bellandur-marathahalli-orr,orr_bellandur,cab_bus,12,2026-10-09
bellandur-marathahalli-orr,whitefield,car,40,2026-10-09
bellandur-marathahalli-orr,whitefield,two_wheeler,32,2026-10-09
bellandur-marathahalli-orr,whitefield,cab_bus,48,2026-10-09
bellandur-marathahalli-orr,manyata_hebbal,car,80,2026-10-09
bellandur-marathahalli-orr,manyata_hebbal,two_wheeler,64,2026-10-09
bellandur-marathahalli-orr,manyata_hebbal,cab_bus,96,2026-10-09
bellandur-marathahalli-orr,electronic_city,car,40,2026-10-09
bellandur-marathahalli-orr,electronic_city,two_wheeler,32,2026-10-09
bellandur-marathahalli-orr,electronic_city,cab_bus,48,2026-10-09
bellandur-marathahalli-orr,cbd,car,55,2026-10-09
bellandur-marathahalli-orr,cbd,two_wheeler,44,2026-10-09
bellandur-marathahalli-orr,cbd,cab_bus,66,2026-10-09
bellandur-marathahalli-orr,sarjapur_road,car,20,2026-10-09
bellandur-marathahalli-orr,sarjapur_road,two_wheeler,16,2026-10-09
bellandur-marathahalli-orr,sarjapur_road,cab_bus,24,2026-10-09
jp-nagar-phases-2-to-6,orr_bellandur,car,40,2026-10-09
jp-nagar-phases-2-to-6,orr_bellandur,two_wheeler,32,2026-10-09
jp-nagar-phases-2-to-6,orr_bellandur,cab_bus,48,2026-10-09
jp-nagar-phases-2-to-6,whitefield,car,70,2026-10-09
jp-nagar-phases-2-to-6,whitefield,two_wheeler,56,2026-10-09
jp-nagar-phases-2-to-6,whitefield,cab_bus,84,2026-10-09
jp-nagar-phases-2-to-6,manyata_hebbal,car,70,2026-10-09
jp-nagar-phases-2-to-6,manyata_hebbal,two_wheeler,56,2026-10-09
jp-nagar-phases-2-to-6,manyata_hebbal,cab_bus,84,2026-10-09
jp-nagar-phases-2-to-6,electronic_city,car,45,2026-10-09
jp-nagar-phases-2-to-6,electronic_city,two_wheeler,36,2026-10-09
jp-nagar-phases-2-to-6,electronic_city,cab_bus,54,2026-10-09
jp-nagar-phases-2-to-6,cbd,car,35,2026-10-09
jp-nagar-phases-2-to-6,cbd,two_wheeler,28,2026-10-09
jp-nagar-phases-2-to-6,cbd,cab_bus,42,2026-10-09
jp-nagar-phases-2-to-6,sarjapur_road,car,50,2026-10-09
jp-nagar-phases-2-to-6,sarjapur_road,two_wheeler,40,2026-10-09
jp-nagar-phases-2-to-6,sarjapur_road,cab_bus,60,2026-10-09
thanisandra-hennur-road,orr_bellandur,car,70,2026-10-09
thanisandra-hennur-road,orr_bellandur,two_wheeler,56,2026-10-09
thanisandra-hennur-road,orr_bellandur,cab_bus,84,2026-10-09
thanisandra-hennur-road,whitefield,car,60,2026-10-09
thanisandra-hennur-road,whitefield,two_wheeler,48,2026-10-09
thanisandra-hennur-road,whitefield,cab_bus,72,2026-10-09
thanisandra-hennur-road,manyata_hebbal,car,30,2026-10-09
thanisandra-hennur-road,manyata_hebbal,two_wheeler,24,2026-10-09
thanisandra-hennur-road,manyata_hebbal,cab_bus,36,2026-10-09
thanisandra-hennur-road,electronic_city,car,105,2026-10-09
thanisandra-hennur-road,electronic_city,two_wheeler,84,2026-10-09
thanisandra-hennur-road,electronic_city,cab_bus,126,2026-10-09
thanisandra-hennur-road,cbd,car,55,2026-10-09
thanisandra-hennur-road,cbd,two_wheeler,44,2026-10-09
thanisandra-hennur-road,cbd,cab_bus,66,2026-10-09
thanisandra-hennur-road,sarjapur_road,car,90,2026-10-09
thanisandra-hennur-road,sarjapur_road,two_wheeler,72,2026-10-09
thanisandra-hennur-road,sarjapur_road,cab_bus,108,2026-10-09
