micro_market_slug,name,board,notes,as_of_date
sarjapur-harlur-kasavanahalli,Sample School A1,CBSE,Sample placeholder,2026-10-09
sarjapur-harlur-kasavanahalli,Sample School A2,ICSE,Sample placeholder,2026-10-09
whitefield-hope-farm-itpl,Sample School B1,ICSE,Sample placeholder,2026-10-09
whitefield-hope-farm-itpl,Sample School B2,IB/IGCSE,Sample placeholder,2026-10-09
whitefield-hope-farm-itpl,Sample School B3,State,Sample placeholder,2026-10-09
hebbal-kempapura,Sample School C1,IB/IGCSE,Sample placeholder,2026-10-09
hebbal-kempapura,Sample School C2,State,Sample placeholder,2026-10-09
yelahanka-new-town,Sample School D1,State,Sample placeholder,2026-10-09
yelahanka-new-town,Sample School D2,CBSE,Sample placeholder,2026-10-09
yelahanka-new-town,Sample School D3,ICSE,Sample placeholder,2026-10-09
electronic-city-phase-1,Sample School E1,CBSE,Sample placeholder,2026-10-09
electronic-city-phase-1,Sample School E2,ICSE,Sample placeholder,2026-10-09
bellandur-marathahalli-orr,Sample School F1,ICSE,Sample placeholder,2026-10-09
bellandur-marathahalli-orr,Sample School F2,IB/IGCSE,Sample placeholder,2026-10-09
bellandur-marathahalli-orr,Sample School F3,State,Sample placeholder,2026-10-09
jp-nagar-phases-2-to-6,Sample School G1,IB/IGCSE,Sample placeholder,2026-10-09
jp-nagar-phases-2-to-6,Sample School G2,State,Sample placeholder,2026-10-09
thanisandra-hennur-road,Sample School H1,State,Sample placeholder,2026-10-09
thanisandra-hennur-road,Sample School H2,CBSE,Sample placeholder,2026-10-09
thanisandra-hennur-road,Sample School H3,ICSE,Sample placeholder,2026-10-09
